best_params,best_score
relu,0.9802197802197803
"[0, 1]",0.9802197802197803
64,0.9802197802197803
50,0.9802197802197803
"[-1, 1]",0.9802197802197803
